Timestamp,Sender,Message
2024-08-11 14:05:10,Samika,Hey, brooo, you there?
2024-08-11 14:05:40,Friend,Yo, what’s up?
2024-08-11 14:06:15,Samika,Just chilling, you?
2024-08-11 14:06:50,Friend,Same here. What’s good?
2024-08-11 14:07:25,Samika,Not much, just thinking about grabbing some food. You down?
2024-08-11 14:08:00,Friend,Damn, I’m in. What are you craving?
2024-08-11 14:08:35,Samika,Something spicy, maybe tacos?
2024-08-11 14:09:10,Friend,That’s valid. I’m down for tacos.
2024-08-11 14:09:45,Samika,Slay. Let’s hit up that spot we like.
2024-08-11 14:10:20,Friend,You mean the one on 5th? Let’s go.
2024-08-11 14:10:55,Samika,Yup, that’s the one. Meet you there in 20?
2024-08-11 14:11:30,Friend,Yo, see you there!
2024-08-11 14:12:05,Samika,Damn, can’t wait. Slay all day.
2024-08-11 14:32:10,Friend,Hey, I’m here. Where you at?
2024-08-11 14:32:45,Samika,On my way, 2 mins.
2024-08-11 14:33:20,Friend,All good, I’ll grab a table.
2024-08-11 14:35:00,Samika,Here! Yo, what’s up?
2024-08-11 14:35:35,Friend,What’s good? Ready for those tacos?
2024-08-11 14:36:10,Samika,You know it. Let’s eat!
2024-08-11 14:36:45,Friend,Slay, let’s go.
2024-08-11 14:37:20,Samika,Damn, these are good.
2024-08-11 14:37:55,Friend,I know, right? Always a good choice.
2024-08-11 14:38:30,Samika,Makes sense, makes sense. We gotta come here more often.
2024-08-11 14:39:05,Friend,Agreed. This place is a gem.
2024-08-11 14:39:40,Samika,Yo, how’s your week been?
2024-08-11 14:40:15,Friend,Busy, but good. How about you?
2024-08-11 14:40:50,Samika,Same, just trying to keep up with everything. Slay queen life, you know?
2024-08-11 14:41:25,Friend,Lmfao, you’re killing it.
2024-08-11 14:42:00,Samika,Gotta stay on top, slay all day.
2024-08-11 14:42:35,Friend,That’s valid. Keep doing you.
2024-08-11 14:43:10,Samika,Thanks! We’re all out here slaying.
2024-08-11 14:43:45,Friend,No doubt. Let’s keep it up.
2024-08-11 14:44:20,Samika,Ggs, let’s do it.
2024-08-11 14:44:55,Friend,Yo, by the way, did you hear about that new place opening up?
2024-08-11 14:45:30,Samika,No way, where?
2024-08-11 14:46:05,Friend,Right downtown, some new cafe.
2024-08-11 14:46:40,Samika,Damn, we gotta check it out.
2024-08-11 14:47:15,Friend,For sure. Let’s plan it.
2024-08-11 14:47:50,Samika,Slay. I’m in whenever.
2024-08-11 14:48:25,Friend,Bet. I’ll hit you up.
2024-08-11 14:49:00,Samika,Yo, sounds good. Later!
2024-08-11 14:49:35,Friend,Later, slay queen!
